image_id,text
521669,Someone is holding a phone while watching a video on it.
116361,so many people using laptops at a meeting
118113,this is a very dark picture of a room with a shelf
440094,A wooden bed with a brown dog sleeping on top of it.
313428,a bed sits under neath a glass fish tank 
503200,A shower has a removable shower head and a glass door.
126065,The two figurines and bells are under the clock.
47010,A pond of water with three giraffe walking in the dirt.
134722,Fast commuter train moving past an outdoor platform.
527086,The police officers are sitting together and eating food.
233638,A laptop and a cell phone on a table.
145544,A black dog in a bathroom drinking out of the toilet.
368193,Three people on horse back at a rural road intersection.
68852,An old car in a parking lot with a surfboard strapped to the top
313130,a silver fridge sits in a room next to a microwave 
308856,tree is a female tennis player that is playing on the court 
429582,A baby next to a stuffed bear of some sort.
106912,A young boy riding a skateboard across a parking lot.
197125,A desk with computers and monitors and books.
52290,A black and white cat sniffs a laptop computer.
304240,A red traffic light at a street side.
351127,people on a lake holding onto parachutes as they surf the water
60179,A man on skies with a parachute attempting to ski with it.
114770,"A green military jeep, and motorcycle on display."
127668,A large truck drives up to an airplane.
196594,Three clocks are displaying times from different time zones.
248051,A man riding a skateboard on top of a sidewalk.
135486,A man fixes a kite as he stands with his friend on the beach.
474039,A baby sitting in between to large stuffed animals.
553162,Brown bear walking on a path in the woods.
451533,A left hand golding a Samsung flip phone from Sprint
201418,A young man standing in front of a luggage carousel at an airport.
167510,A stop sign at the intersection of Lyndon Ave and South.
487685,A group of people standing on floor mats at an event.
227590,The passenger train is painted brown and white. 
467578,A box of donuts with a coffee in front of it.
379476,A long tunnel with a long table with lots of seats and candles next to wine glasses.
35206,a tennis player crouching down near the net
173208,A plate of food has some sesame seed bagels.
416059,Two people walk through the snow behind a dog.
350278,A zebra standing on top of a dirt field.
277831,A glass of alcohol next to an open laptop computer.
146742,A beautiful young lady laying on top of a park bench.
570579,A baby boy sits in a high chair next to a green and white cake.
117988,A woman wearing red top and black skirt holding umbrella
151005,a wooden bench with some yellow and green leaves 
143224,An airplane on the tarmac and the glass passageway leading to its door
294853,"A man in a red cap, green shirt and white shorts holds a tennis racket under his arm."
323552,A young girl with glasses appears to be waiting with luggage at the baggage center.
185181,A giraffe on display in a glass enclosure.
43850,A man standing over his dog on a beach while holding a surfboard next to the ocean.
351369,A landing jet airplane kicking up spray on a wet runway.
558661,A woman that is standing in the grass with a frisbee.
119516,A beautiful woman standing on the side of a rad next to a street.
89790,A man in a parking lot talking to the driver of an army green pickup truck.
310998,A man on a snowboard that is in the snow.
477698,A herd of zebra standing on sandy area with rocks.
375317,A black stove top oven sitting next to a window.
169539,A man standing up against a wall with his hands clasped together.
141887,A woman riding a surfboard on a wave in the ocean.
466263,A silver fire hydrant by a manmade path and lake
203878,a tennis player wearing red and white swinging at the ball
487534,Two zebras nuzzle together in a wooded area. 
204611,Several airplanes sitting on the tarmac being unloaded.
411564,A man sitting in a window ledge with a cell phone in his hand.
149890,A giraffe and two zebras are standing in the grass.
170651,A pair of trains parked at a station.
201928,A counter topped with containers of foods and a roll.
311206,A statue of a bear in an enclosure.
480951,Cars and traffic signals light up the streets at night around a busy intersection.
270474,A little girl holding a baseball bat on grass.
581402,A calico cat curls up inside a bowl to sleep.
458137,A dining room table surrounded by wooden chairs.
193424,A view of a traffic street filled with cars and motorcycles. 
487551,A red stop sign sitting next to a green street sign.
294162,A laptop computer sits on a black surface next to a wireless mouse.
383533,A man and woman dragging surf boards through the water
192168,A man wearing a coat standing in a field using his smart phone.
416968,a red and white sign and a tree water and a building
474881,Horned mountain goats enjoying green grass next to the snow
479078,A brown horse being jumped over a fence rail in a competition.
38438,a close up of a cat on a rug on the ground
281598,A kitten peeking out from behind a tablecloth on a chair.
568846,A man giving a little boy a hair cut.
176362,A baseball player taking a swing at a ball
14781,A news paper sitting on a floor next to a toilet.
441147,Two antique suitcases sit stacked one on top of the other.
518255,a bony horse bending down to look at a duck
28998,A kid in a field with a muffin.
9478,A giraffe standing in a field of grass.
330140,A round picture of a train station with a tall building across the street.
74603,There are people who are getting their food.
300962,a baseball player swinging a bat at a ball
254379,A person holding a remote in their hand.
104751,A man taking a selfie in front of a mirror.
282037,A baseball player pitching a ball on top of a field.
3690,"An individual pizza with cheese, pineapple and sauce."
459809,A shot of the blue water with people flying a kite. 
189376,a room filled desks and computers a man and woman sitting listening and anther man with a camera
6040,A blue and white train is moving on the rails. 
45367,A woman in red pajamas is hugging a cute dog.
262161,Large motorcycle sitting on a grassy area in a line.
143927,A ceramic coffee cup inside of a silver microwave oven.
507427,a man sitting on a surf board in the water
243775,A clock on side of building with skyline in background.
256787,A dog wearing a tuxedo sitting at a table witha piece of cake with a lit candle.
431693,there is a male tennis player trying to hit the ball
315565,Two aging gentlemen of religious persuasion smile kindly.  
34500,A tennis player is on a blue and green court.
297520,"Hot dogs, buns and croissants on a BBQ grill "
279407,A young child holding a baseball in their right hand.
386134,a close up of a foam box of food 
6417,A surfer curls to balance on his board atop the foamy white crest of a wave
573033,A wooden bench that is overlooking a body of water.
573770,Two people skiing down a snow covered hillside.
210050,A red car traveling down a road under construction.
432906,A cat sitting on top of a laptop computer.
417265,a building sits in front of a parking meter 
554348,a woman is standing on a set of train tracks
68300,A plate of spaghetti with red sauce and broccoli. 
298372,a white and green plane is in the sky
169045,A golden plate topped with strawberries covered in sauce.
84241,A group of women in kitchen next to pot.
92081,The bike appears to be chained to the railing.
237558,This aerial shot shows a person crossing the street with an umbrella over their head.
109612,A hand holding a piece of cake with a bite out of it in front of a black and white cat.
426172,a display of items for sale on a shelf
334309,A man takes a picture of himself eating food.
227884,A pianist in a suit and glasses playing a keyboard.
425573,A big zebra and a small zebra are standing in a grassy field. 
135158,A cat laying on a couch with a remote.
341775,A single elephant that is walking in an enclosure.
350975,THREE BLUE UTILITY SINKS AND TWO WHITE REGULAR SINKS
161397,Several displays of flowers are on a table.
419774,A pitcher throws the ball towards the batter while other players watch.
164,A small kitchen with low a ceiling 
216235,Couple of cows outside eating at the grass
313240,"a desk with a computer, books, paperwork and shelves with DVDs "
554114,A woman kneeling down in front  of a parking meter.
55241,The cows are standing on the hay in a meadow. 
572790,"Avery long hot dog with ketchup, mustard and onions."
574415,Two an a half donuts on white plates.
10694,A cat stares from behind a large TV.
498061,a smiling man sitting in a fancy restaurant
416827,A train traveling down railroad tracks through a countryside.
65948,Two people sit together in a restaurant at a wooden table.
92248,A clock at the top of a tower with a statue in front.
402096,A traffic sign has been vandalized to look like a scary face.
105974,A person that is catching a frisbee in a gym.
140197,A number of people riding bicycles in a metropolitan area.
570039,A woman brushing the teeth of a toddler.
338592,The infamous Big Ben clock tower sitting under a cloudy blue sky.
291458,A clock tower gives the time in a city square.
344094,A curved bamboo next to a flower vase
394460,A group of kids playing a video game system.
141651,A woman that is sitting on the back of a horse.
137830,Some food is sitting on a stove top in a kitchen area.
485494,a cat playing with a toy on a sofa
345160,Two women and children are on a motorcycle.
353518,A fleet of ships docked on a sandy beach.
233365,A man holding a tennis racquet on top of a tennis court.
343524,A man holding a tennis racket and ball as if to start a serve.
97967,A crowd of people standing in front of a window.
88815,a man on a sail board rides through the water 
110683,Two big giraffes walking in a grassy area with a baby giraffe. 
226579,A woman holds the arms of a young boy on a soccer field. 
389503,a man is surfing down a narrow river
381971,A horse drawn carriage is near a fire hydrant by a curb.
468457,A pizza sitting inside of a cardboard box covered in toppings.
127313,A woman standing around a group of dogs.
372294,A brown and white dog sitting in a black leather chair.
90626,ranodm bus pulled over on the side of the road
45478,The Big Ben clock tower towering over a city at night.
110961,A motorcycle is parked in a bushy field.
497626,a made bed with four pillows and lamp on a table
281853,A bedroom that has a lamp on either side of the bed.
469877,"A truck, largely covered in graffiti, is parked near a stop sign on a hill."
250619,A woman sits under the shade of an umbrella at the beach.
213785,Two people who are diving for a Frisbee.
114119,The cat is sleeping underneath the clock. 
573363,a man in glasses and a tie stand on concrete
328601,A tennis players concentrates as he prepares to smack the ball.
380993,A black and white photo of a man running across the street.
110434,A man in an elevator listening to music on his iPhone. 
97146,A dark city street lined with stone buildings
429443,Three brown cows grazing on a muddy grass field.
342295,A white toilet sitting next to a bath tub filled with paintings.
475586,A man wearing a purple tie holding his hand up to his face.
431136,there are many people standing ion a field playing frisbee
458755,Young woman with sheep on straw covered floor.
163728,A cat laying on top of a desk next to a mouse.
241503,There is a dog sleeping on a futon.
473673,A tall giraffe stands alone close to woods.
509416,A bag with a hot dog inside of it.
41671,A slice of layer cake on  a plate that is garnished
19313,a person swinging a tennis racket hitting a tennis ball
70744,A group of people sitting at tables next to each other.
277051,two little sparrows standing on a table by a knife
288042,A gentleman walking in the rain along a river.
329827,A person on skis skiing down a mountain.
518604,A large bird sitting on top of a tree.
433652,A small teddy bear is on a strange chair.
313034,A man in a green shirt stands by a girl holding a piece of cake on a plate.
254454,A child stops after taking a bite of a slice of pizza.
463961,A bowl of carrots and green beans with a spoon.
235203,A cat sitting on top of a mans lap next to a keyboard.
143737,A couple of motorcycle cops driving down a street.
278175,A large brown bear walking through a forest.
227187,a table that has some bananas on it
233426,A photo of some flowers in a ceramic vase.
456662,A child standing completely upright in front of a refrigerator.
257046,A boy in a pitchers pose then pitching a baseball.
396687,Three women that are finishing a skiing tournament
115088,Tall green pine trees in back of large grassy field.
395975,"A living area with a fireplace, television and couch."
48924,A dirt bike parked near a tent in the woods.
102411,Two people riding a motorcycle to the beach.
344003,A kid playing with a bat and ball on a beach.
429802,A red fire hydrant placed near a building
21503,Crackers with spread on table with remote in background
74583,A cat laying on a cushion on top of a table.
185621,a person in a field throwing a frisbee
93686,A young boy wearing a tie while using a cell phone.
493753,An office desk holding multiple computers and various supplies.
560893,Benches surround a pond in a park in autumn.
175024,A person sits on top of a motorcycle with a stuffed toy.
196371,A cat sitting on top of an old abandoned car. 
576084,A man milking a cow during the day.
133750,A zebra in a zoo pin looking down at the ground.
420059,A suitcase that is on the ground with some shoes.
352491,A train sitting idle in an empty train station
283147,Some old buildings have street signs next to them.
368528,A man riding skis on a snow covered ski slope.
572182,A girl hitching a ride with her Dad on a skateboard
553129,The organized kitchen of a busy family in a suburban home
178795,a table top with some plates of food on it 
119939,Some young skateboarders are riding down the sidewalk.
124940,A blue cutting board with a piece of toast that includes peanut butter and jam.
380609,A surfer laying on a surf board and paddling with her hands and feet.
12209,A baseball player holding a baseball bat during a baseball game.
491130,A man riding a snowboard on top of a snow covered slope.
283441,A section of a yard being dug up next to a building.
309872,A dog lying on a couch in a house.
340329,A small train traveling past a building surrounded by a fence.
432534,a close up of a vase with many flowers 
27390,A picture of a plane that is in the air.
336340,The wooden bench is near a busy stream.
221543,A clock displaying the time in a passenger bus.
340069,A young man cuts a clown shaped cake.
419789,Two skiiers are riding on a ski lift
431281,a group of people on a field with a large kite
520996,The elephant stands in the dirt and extends its snout over the fence.
447770,an image of a child playing on a toy laptop
133237,A large elephant standing next to a small elephant.
289392,A man sitting at a table working on his laptop. 
331097,three big elephants walking across a wide river
154590,"A dinner table with wine, glasses, and bread. "
74058,A sidewalk next to the outdoor sitting area of a restaurant.
73039,a purse a pair of shoes and a horse behind a display glass
507575,A computer desk with electronics on it and other desk accessories 
474253,A man riding on the back of a horse through a river.
312552,A woman holding a plate and eating pizza.
95161,A lot of blue and yellow umbrellas sitting under a clock.
71756,Two black bears captured together in night vision.
354254,A man prepares to bite into his sandwich.
58569,two public transit buses on a city street
208132,A plate of food and ketchup bottle are on a table.
231450,A kitchen with a freezer refrigerator next to counters.
221524,A boy swims through the water using a board.
307048,a chihuahua sitting in a chair at the table in front of a plate of food
532686,A white bathroom with a walk in shower and a toilet.
463588,A small group of horses graze in an open field.
237316,The tiny white bathroom has a toilet and pedestal sink.
199492,A double red bus parked on a street.
511453,A pizza with french fries on it on a table.
215691,A small kitchen featuring an under the counter washing machine.
421169,A red and yellow trimmed plane sitting on tarmac.
560623,An airport filled with planes sitting on tarmacs.
414676,A very tall brick clock tower with a clock on each of it's sides.
549242,A couple of men riding waves on surfboards.
247536,Two pizzas sit next to each other on metal grates. 
295693,A woman sitting on a couch using a laptop computer.
386967,A row of empty benches alongside a road.
490275,Air force jet in a take off position above the tree line.
104982,A man holding a smart phone in his right hand.
295491,Military personal serving themselves food at an event.
135578,A store selling lots of vegetables and fruits.
153392,Many of the kites ascend high into the clouds.
531512,A person holds a machine to a cow's udders.
192296,A COUPLE OF PEOPLE AT A TABLE NEAR A POOL OUTSIDE ON THEIR PHONES
581749,there are many pieces of broccoli and vegetables here
132690,A cat that is laying in a basket.
383175,A train in a station with a person in yellow clothes nearby
547144,"A laptop next to two computers, keyboards and some mouses."
537297,a woman stands with a small child 
326079,Three giraffes standing amongst a copse of trees.
214244,A young woman riding skis down a ski slope while holding ski poles.
134575,A couple of people flying a kite on top of a sandy beach.
34524,A bed is scattered with papers and a remote control.
465324,A herd of elephants grazing on a lush green field.
44590,A group of motorcycles parked on the side of a road.
394449,People sitting on a bench at the train station.
459645,A person performing a jump on a snowboard.
465675,A beach with two boats and a tractor.
245320,A man performing on a skateboard ramp jump.
311327,Several people in a canoe with oars on the river.
373848,A red smart phone sitting on top of a wooden table.
552945,a girl stands by an elephant near some trees
104313,"A box of donuts, some that are jelly filled, coconut, frosted, and have sprinkles."
47781,A bedroom with a full size bed and wooden headboard with  matching drawers on the side.
176330,"A view of a kitchen sink, knives, hanging cups, and wine glasses."
205594,Athletes on field during sanctioned tournament at night.
527440,A man doing farm work on a tractor in a field.
281365,A metal sink and a row of white urinals
361621,A cat sitting in a bathroom sink under a  faucet.
518188,A lamp in the window of a house.
462840,A dog in the back of a pick up truck.
119785,a nice sandwich and a nice salad onn a plate
110449,A man standing next to another man wearing headphones.
423396,A clock adorned with angel sculptures mounted below a bright double lamp.
202944,Some asian cuisine is shown with vegetables and noodles.
124279,A man sitting at a table in front of a laptop computer.
557556,A woman catching a frisbee on a beach.
227218,A black and white cat is near a little dead bird on the sidewalk.
465973,A man is riding a horse in a dirt enclosure.
287396,A blue double decker bus that says Garage on it.
41990,A group of people on snow shoes posing for a photo.
309573,a man windsurfing and another man hanging onto a parachute
167271,A young person playing a Nintendo ds while laying on a bed.
386764,A boy in blue shirt standing with a baseball bat.
233298,A large commercial airliner is flying through the sky.
403020,A giraffe lying on the ground in a zoo pin.
416787,The pastry has a substance in the middle of it
32391,A sign sitting above a store front entrance.
53457,A cat sitting on top of a television.
179642,a tennis player sitting in a chair shirtless
328745,Two brown bears sitting on top of a black and white checkered bed.
513555,A couple of men sailing on a sailboat out in the harbor. 
45099,A woman's reflection of her taking a picture of a sink and toilet.
110081,A group of people on mopeds in a busy street.
423892,One adult and three kids standing at a table singing happy birthday. 
68380,Bananas are on sale for 47 cents per pound in the produce section.
553954,The two sumo wrestlers are facing each other with the ref between them.
281972,A boy in a green and yellow jersey holding a baseball bat.
345536,a living room with a table chairs and a couch
205239,A clock tower surrounded by blowing snow in a city.
484229,The people walk down the street holding umbrellas.
444515,THERE IS A NUT AND A ORANGE YOGURT AND AN APPLE
250901,A group of people getting their food from a bag.
232453,A large green and yellow truck parked next to a similar green and yellow truck.
164005,A baby is sitting on a bed playing with a laptop computer.
241986,two tags one with an elephant on one and a dog on the other
222009,A vase filled with purple and red flowers sitting on a counter.
2299,Many small children are posing together in the black and white photo. 
369986,A lady staring lovingly into her pizza. 
568276,A close up of pizzas resting on serving trays on a table.
139077,A young boy holding a Nintendo Wii game controller.
167443,a lit up counter with two fancy sinks on it
121849,A very cute child sitting on the commode with his pants on
373140,a yellow and blue cart is parked on a street
540159,A very nice looking living room with a couch.
95707,A table topped with a train styled cake.
353295,Images of 3 unusually long hot dogs sticking out of their buns.
172137,There are four fruits balanced on the neck of the bottle.
157635,"The view of a living room couch, windows, fireplace, and television set."
291589,Colorful vases with flowers on a table with overhanging paper lantern
159500,The narrow corridor of a restroom for men with stalls and urinals. 
328890,A knife and a pizza cut into slices on the plate
180411,A large Air Force jet taking off of a runway.
144784,A hand with finger on a blender filled with liquid.
186177,A pair of zebras in their natural habitat.
70588,A zebra and its foal eating hay from a basket.
46551,A group of people in a bar playing Wii
456833,A silver passenger train with an aids walk poster on it's side.
75083,a close up of street signs with buildings in the background
500826,A pole with three road signs stands in front of a building.
88634,A kitchen with a black stove top oven.
339965,A group of children standing around a candle filled cake.
397640,A man on horseback herds cattle on yellow grass.
564197,"Two plates of food that include beans, guacamole and rice."
455414,A young skier is attempting to go down the hill. 
482021,A group of teenage girls are walking a dog on the grass.
60610,A large silver double decker bus driving down a street.
448117,A group of people carrying ski equipment while walking on snow covered ground.
127153,A couple of women that are holding umbrellas.
364266,a grey king-cab truck is parked in a driveway
65981,A large train is coming down the track between a beautiful mountain.
301799,"A sandwich, carrots and strawberries in a lunch box."
566189,"A bathroom filled with rotten,crap filled, destroyed toilets sitting in a row in a destroyed bathroom."
167993,THERE IS A GOAT STANDING IN THE YARD 
359043,A delivery truck parked next to a blue crane.
396768,Big clock decorates the outside of a brick wall
240259,"Two monkeys, one with a banana at a tourist stop"
444887,a person holding up a plate with a slice of pizza
555582,A woman carrying an inside out umbrella past a wall covered in graffiti.
146986,A large jet flying over some small foothills.
6871,An adult polar bear is swimming in the water. 
77591,People holding racquets playing tennis on a court.
108094,Two people on motorbike passing by a clock facade.
373655,a teal bed and a smaller pet bed sit on a red carpet.
559778,there is a german sherpard sitting on the floor with a stuffed bear
55272,A bird floating on top of a body of water.
283070,some oranges that are sitting on some wood
90052,Two young people holding tennis racquets on a tennis court.
387223,a bunch of sheep are standing in a snowy field
324595,A couple of young men playing a game of frisbee.
216677,A white plate with a cut in half sandwich.
17867,A dinner table with candles and vases of flowers.
414109,A giraffe looking at something in some bush.
574095,There are two slices of pizza in front of the rest of the pizza.
230008,a traffic motorcycle cop waits to give a ticket
185838,A man riding a skateboard up the side of a ramp.
151808,a train is passing a lake by a mountain
506310,A room with an empty and open refrigerator and a shelf of bottles.
26799,A couple of giraffe standing next to each other.
364297,There is a cat laying down on a keyboard.
75234,A man swinging a tennis racket at a tennis ball.
238141,A street sign for Davis St. and Third Ave. with a skyscraper behind.
145209,A counter containing two silver vases with colorful flowers. 
417727,An open laptop computer next to two other open laptops.
204432,A man and woman pose for a picture together
206417,A man sitting on the beach with a dog holding a yellow frisbee.
155154,The bathroom is small and white and gray.
453341,The living room in a house with many figurines on the shelf
368671,some snow skiers and some snow and trees
453390,A yellow and red fire hydrant in grassy area next to a street.
53802,"Some people sitting around at various tables, with a railing dividing them"
94619,A young man skateboarding while listening to music. 
407945,Someone picks up a slice of fresh pizza with one hand.
44823,A man riding on the back of a horse near a plane.
32284,A motorcycle parked behind a truck on a green field.
84073,A refrigerator that has been fitted with a tap and a thermometer.
29593,A train is going down a hill through a town
283190,A kitchen with a white stove and oven.
244184,A green street sign next to a road surrounded by a forest.
63619,The person is riding a bike on the road
324419,Two boys in a living room playing a game with a Nintendo Wii controller.
392717,A brown teddy bear sitting in the middle of a road.
414374,A group of cows have shadows on the grass.
94360,a couple of people are standing outside with umbrellas
193622,A man sits with a traditionally decorated cow
567922,A blue and yellow train pulling up to a station on a sunny day.
528364,A train in a station with people walking towards and off of it. 
328959,"A bathroom with a toilet, shower and an hanging chain to flush the toilet. "
305545,a close up of a woman wearing jewelry and a boat in the background
41773,A road sign on the side of a road.
134133,A group of people sitting on top of a white blanket next to a bar of chocolate.
541486,A man on a tandem bicycle stopped while checking his cellphone.
512337,A bird perched on top of a leaf filled tree.
240417,A bird sitting on top of a green lily pad.
234370,An elephant in a field touches its nose to its mouth.
280976,A kneeling down on a baseball field next to grass.
163601,A trio of clocks are attached to the semi-circular frame by wires.
494679,Two giraffe and a zebra standing in a enclosure.
505891,A domestic cat lounges on a quilt covering a bed.
213739,Five sheep peeking out of a wall and eating hay on the ground.
279331,a small dog on a leash with a racket
205300,A person on a motor bike on a road.
203003,A young man holding a plate of food while sitting on a couch
23019,a few big buildings with roads next to them
432547,A man at a table rolling out wrapping paper.
426754,A man wearing goggles and standing in the snow.
137057,A dog holding a pink Frisbee in it's mouth.
78026,a grey cat biting into a frosted donuts
50778,People putting luggage onto a bus outside beside a building
446058,"A balding man with glasses, standing near a bridge."
401403,This man is sitting on a bench next to a tree.
391187,A picture of a red bus waiting for passengers.
161557,A German shepherd resting its head on the floor. 
332653,A man stands next to a motorbike on some pavement.
76896,a laptop besides an alarm clock maroon in color
457133,A red stop sign sitting on the side of a pole.
558633,People are sitting at a table and eating dinner. 
58146,a close up of many toy sheeps on a table 
524962,"Surfer is on rollerblades, holding a surf board."
277518,A boat sitting next to a beach in the ocean covered with birds.
57359,A room filled with clutter and a laptop computer.
8065,A baseball player swinging a baseball bat during a game.
6460,a person riding a surf board on a wave
360329,Some bananas are hanging from a banana tree.
133928,A yellow duck boat floating on top of a lake.
80613,A hipster carrying an umbrella and a white hat.
32932,A group of people standing around a kitchen next to appliances.
435387,Two individuals wearing the same thing sitting on a bench.
383001,a person walking down a street while holding an umbrella 
319579,"Several people sitting around a table in a small room with a laptop, books and papers. "
165527,A group of people gathered in a town square with an individual doing a stunt on the pavement and umbrellas strewn around.
332351,so many people on the sea skating and swimming
301421,"Computer desk setup with monitor, wireless keyboard, and other electronic devices. "
430867,A girl uses a phone next to a dog
427113,A couple of older men sitting on top of a bench.
501062,A big shiny metal pan filled with some tasty looking food.
341678,A man on a tennis court holding a tennis racket hitting a tennis ball.
561539,There are a lot if friends playing in the ski slope
40036,A person jumping a horse over a box.
538934,A view of a kitchen with a bunch of cleaning supplies around it.
41633,"A burgundy low-rider show-quality, hot rod Chevy truck."
384333,A small elephant standing next to a bush.
211141,A black and white image of a lady on her cell phone while sitting down. 
404702,Stuffed animals on the beach one with a bucket over its head.
54355,A white table topped with two pans of pizza and a black paper plate topped with a slice of pizza.
414216,A woman and child that are inside of the water.
120535,Two television that are sitting on stands in a room.
41945,a small boat in a body of water near building
255665,Vintage bathroom with sink and toilet with toiletries
281722,A blue and white boat floating on top of water.
531415,A clock sitting on top of a wooden desk.
374567,A yellow and green train on a train track.
64048,People riding an elephant through crops next to an odd shaped mountain.
159103,A bedroom with clothes on top of the bed and a clothes drawer.
133631,"The old, adult elephant stands near a wire fence."
305993,They are holding a frisbee together while hugging each other.
50924,A pan filled with broccoli and onions with oil.
548296,a close up of a giraffe and a zebra in a field near trees
77628,A group of people on motorbikes sit at a crosswalk.
3711,A black cat sitting on top of the hood of a car.
530461,A clock on a post standing outside of a building.
542910,An woman pulls a suitcase while another watches.
331268,A kitchen filled with plants and lots of clutter.
6019,A red bicycle is parked near a red fire hydrant.
392981,a tennis player swinging a racket on a court 
168260,a yellow lifeguard truck sitting on the beach 
170077,A young boy wearing a colorful umbrella hat.
300472,A woman sitting at a table with a plate of food in front of her.
391179,A woman swinging at a tennis ball on the court
413616,A small dog running on a field with a Frisbee.
368602,A man is water skiing behind a motorboat.
236599,People hold flying kites in the air by the water
429718,A train with steam coming out is on the tracks.
2972,Two colorful passenger trains passing near a platform.
122199,A man with a beard riding skis while holding ski poles.
333538,A woman wearing a fur coat sitting on a wooden bench.
410019,A boy does tricks on a scooter. 
310035,A young woman reading while laying down on a park bench.
473849,A white tiled bathroom with black counter top.
208002,A horse and colt in tall grass near a house.
130234,Two trains sitting on parallel tracks waiting at a station.
329940,Two large concrete trucks parked near a large building.
424196,a snowboarder in a red hat is bending over 
71495,Young girl holding a cupcake up to the camera.
182334,A man sitting in front of a microphone at a table.
533493,Three men celebrating some kind of personal victory.
462756,A grey motorcycle on dirt road next to a building.
568961,a subway train with one passenger waiting to board 
34662,A couple of sheep sitting on top of a lush green grass covered hill.
396404,A picture of a shaded walk way and benches. 
2255,The elephant has a large white spot on its abdomen.
53990,A child eating a piece of cheese pizza.
515303,a horse and buggy that is on a grassy field
341309,A woman wearing a white sweater standing next to a man in a jacket.
157876,A plate with meat and fruit next to a bowl of salad. 
343455,The featured dish contains several unusual fresh ingredients.
228746,A cat is dressed like santa with a meme put together.
410573,A dog watches a cat intently while they both relax on an armchair.
96048,A little kid standing in front of a paper plate with pizza.
227855,An Olympic snow boarder performing a trick. 
372471,"A left turn signal, stoplight and street sign are hanging on a pole."
465556,A man cutting a piece of pizza with a knife and fork.
513775,A slice of pizza sitting on a plate on top of a box.
555239,A hotdog with fries and a red cup of beer.
316782,A group of men standing on the deck of ship next to three small boats filled with men.
294865,A silver miniature train with trees in background.
568202,A couple of women sitting at a dinner table.
76029,A woman sitting next to a man holding an umbrella.
573993,A claw foot bathtub stands in the middle of a pristine white bathroom.
52161,A woman riding a red motorcycle wearign a helmet
439481,A group of people near some people riding horses.
147915,A stop sign that has some graffiti on it.
260994,A chef is holding a hot dog in a container.
395324,a bluish motorcycle parked on sidewalk in park
69914,a couple of people that are in a kitchen
446637,A lot of birds on logs floating in the water.
113801,Airplane with vintage bus in front of air plane hangar
320627,A large long train on a steel track near a barn.
502402,A group of people getting onto a bus.
129420,Three men wearing black and ties stand and smile at something out of the frame. 
196458,a closeup of a boy at a beach who is about to throw a frisbee
527445,A bunch of glasses of wine sitting in front of a camera.
19974,two calfs walk side by side in a pen on a sunny day
102672,many horses st a horse stable with people walking by
560108,A young boy with safety gear on a skate board in his backyard
452312,A table topped with sandwiches and a salad.
307074,A traffic light hanging over a road at a cross walk.
167593,A person is walking on the beach carrying a surfboard. 
574216,A person holding up a paper with a red stop sign on it.
526028,A fancy dish on a white plate at a restaurant.
471789,people on a gold course enjoy a few games 
487702,The street sign is across from an electronic sign of a restaurant.
369322,A man in pajama pants carries a lime green suitcase.
439173,A bright green bus is driving in traffic down a road.
404781,A red stop light across from a brick building
315846,A street sign in the city giving directions to several intercity areas. 
375484,An office desk with a laptop and a phone on it.
458485,"A hot dog covered in ketchup, mustard, chili and french fries."
461123,The airplane is taking off the runway at the airport. 
489842,All of the children are gathered around Santa Claus.
362714,A bicycle carriage riding down a crowded street.
436676,A person and a black cat are on a brown couch with a colorful blanket.
215627,A group of people sitting around a table with a cake on it.
196007,A man wearing orange swinging a bat in the snow.
531581,Three young children who appear to be impoverished stand together in the street.
121041,A black duck floating in a wavy pond.
288799,A train car riding the railroad in a city.
159742,a giraffe is standing by a tree line
123053,Red and white fire hydrant sitting on the side of a city street. 
496554,A giraffe in the wild all alone 
268745,A woman waiting on the subway to disperse
300214,A man in a suit and tie is sitting on a bench.
494810,A photograph of a sandwich and fries at a restaurant.
444672,A very dirty looking rest room with two toilets.
109216,A red kitchen with metallic appliances and paintings on the wall.
301755,Skateboarder riding his board on a half pike.
439525,A man and a woman cutting up a small white cake.
90432,A pile of oranges with a pile of apples on top of them .
28174,A skateboarder doing tricks by a statue at night
387696,A group of people standing around a kitchen preparing food.
549224,A pizza sitting on top of a table with slices missing.
378727,Person on motorbike  with speed detector showing 26.
537506,A person is holding two apples on a plate at sum sort of celebration.
514773,A desktop computer sitting on top of a wooden desk.
489313,A snow boarder in mid trick with the Hilton in the background
141102,"Hot dog with bun and sauces, along with fries and sauce."
178317,Two ladies standing on skis besides a chair lift.
120234,A man riding on top of a wave on a surfboard.
302089,A red fire hydrant next to a h sign
550521,The reflection of a man in barbers chair getting a trim
314495,A bull looking out of a wooden fence.
408221,A very big elephant that is keeping an eye on the photographer. 
480105,A herd of zebra standing on top of a lush green field.
227845,A giraffe standing next to a tree in front of another giraffe.
120007,Baby cow eating apple from hand with wood fence
203455,Morning breakfast sits on the comforter of a pretty country bedroom.
21284,A person surfing in the middle of a wave.
48133,a bunch of people on skis going through the snow 
237628,A news caster sitting in front of a screen.
129957,there is a bus going down the street and many cars going behind it
358302,A woman gathers the trash in her kitchen.
434958,A man is in a car holding a black cat.
441686,A couple of horses running across a lush green field.
504046,A young woman is holding a video game steering wheel.
546029,A baby sitting on a bed holding a remote control.
43693,a vintage photo of man standing in the middle of some waves
274651,A pile of delicious veggies and meat on a hoagie bun
85162,A cow standing inside of a red brick house peeking out a small window.
32817,A man climbing on a toilet bowl in a closet
53082,A hand holding a piece of cinnamon roll
143119,A woman tennis player in a blue skirt holding a tennis racquet in one hand and touching the wall with her other hand.
3192,A pizza covered in veggies on a white plate sitting on a table.
357081,A photograph of two cows grazing on a green pasture.
79261,A man in blue shirt wading in water with building in the background.
243148,A woman is helping a child put on skis.
378605,"A table with a napkin, doughnut on a plate, and a cup of coffee."
43678,A very large commercial plane flying in blue skies.
144874,a woman surfing as a man comes to join her 
50159,A man and a woman cross country skiing on a snow covered trail with mountain peaks in the background.
386165,A man in a wheel chair is walking his dog. 
576955,A rider takes their horse through some water at speed.
412464,This sandwich has a side of salad on the plate
516416,A woman with a racket stands on a court.
271820,"A living room with sofa, lamp and tv in it."
205647,A semi truck pulling a chain of three trailers.
390017,a motorcycle is sitting off the side of the road
306524,A beautiful tower building with a big clock on it.
434316,Night scene of an on ramp with traffic light and assorted street lights.
227221,A man flying through the air while riding a skateboard.
42837,This is a computer generated image that depicts a surfer riding a wave.
45075,a couple of buildings grouped together next to some power lines 
42953,A group of people standing on top of a snow covered ski slope.
88784,Two dogs are playing on the beach catching a Frisbee. 
376684,Two giraffes standing near each other in the zoo. 
519611,a close up of a polar bear on a rock formation
347648,A hand carved vase sitting on a blue cloth. 
179151,People are standing in a shopping district with stores.
251717,Cattle grazing in a grassy field filled with trees.
553985,A man is holding up a tennis racket
25191,there are two elephants that are walking in the wild together
335181,A white small trash truck sitting on top of a parking lot.
62703,a female in a green top and a laptop
104221,A MAN IS PLAYING ON THE BEACH WITH A FRIEND
556516,A picture of a combination of a living room dining room area. 
285681,A commercial airplane either landing or preparing for take off.
60507,A batter at a game playing in a baseball game.
105547,a toilet and a microwave sitting out for the trash
229765,Three young men playing a game of frisbee on a sandy beach.
41635,Three cows standing on a grass field under a cloudy sky.
492246,A man with purple hair and braces laughing
406403,A person skis with mountains in the background.
386912,a person sitting at a desk with a keyboard and monitor 
388601,A woman sleeping on a giant piece of pizza.
165639,"A trash can filled with a hot dog, a banana and other garbage."
208995,A man is working at a desk on his laptop.
511299,A man standing on a red boat in the water.
528984,A group of people skiing down a ski slope.
7913,a shops table filled with apples oranges and other fruits
224012,The lunch plate includes both meat and vegetable choices.
32056,A man making the live long and prosper sign from star trek.
141426,Two bulls laying in hay with various people standing around.
338826,A fire station with a flag pole in front of it.
233348,A baseball player strikes a ball with his bat.
453622,A living room filled with furniture and lamps.
20906,"A banana, peanut butter and turkey sandwich sitting in a container."
490320,Three people show their opened keyboard style cell phones. 
316762,A small apartment has some framed pictures and posters
42276,A toilet sitting in a room surrounded by personal items.
84694,A group of people seated at a table in a large cellar
555299,some people are walking up a trail and some are on horses
423410,Two small white dogs looking out small windows of a building.
386457,Cat wedged between two large oak doors trying to get out.
487631,Photo taken from inside a car showing lamb in the street.
162692,A monument of a lion that is in a wall.
400117,A man with a tennis racquet and a referee in the background.
559665,Black and white photograph of two men on motorcycles.
277614,A train pulling past a church with a large clock tower.
421535,People on skis are entering a snow tunnel. 
69077,A brown dog sits in the snow near a red table and black chairs.
197279,A clock sitting on top of a sidewalk.
199855,Two yellowish green vases sitting on a counter.
233119,A person pulls a suitcase across an urban intersection. 
127119,A motorcycle parked outside in a parking lot near the beach.
540694,A giraffe standing in a lot filled with cars.
391132,A bowl of peeled oranges sitting on a white bowl on a kitchen counter.
218204,A wooden table topped with glasses with plants.
167859,A large bed with white sheets is unmade.
264686,A small apartment living room on a sunny day.
401327,"A desk with black keyboard, mouse and computer monitor."
292103,"A person sitting at a table with two plates of food, silverware and a cup on it."
577036,a big bus is parked as a some people ride by in a cart 
290959,Crowd of people in front of Amtrak train with bench
308504,A white table topped with different colored vegetables.
511058,A giraffe with a mouth full of grass in front of a forest.
331282,A large clock tower attached to a church next to a rocky mountain.
479938,A man sitting on a horse drawn wagon.
541108,Female tennis player about to hit the ball
454810,Cluttered sink and countertop in an institutional kitchen.
539883,A big screen TV and a Wii gaming console on a rooftop.
84492,A skateboarder grinds down a railing in front of buildings.
180447,A close up of a zebra foraging on some grass
579325,a big airplane with the cargo section open
401820,a giraffe is standing on some grass and some trees
190595,A little boy brushes his teeth and looks at the camera. 
335529,A wooden bench sitting next to a large body of water.
306952,An enclose in a building with a giraffe in the background.
71021,A couple of little girls sitting in front of laptop computers.
542594,A small girl holding a remote control next to an adult.
460460,a home bar with assorted alcohol bottles and strings of lights.  
107375,A dog carrying a water bottle that is empty.
240379,Group of skiiers in the large mountains walking towards ski lift
451102,The sheep are grazing in a herd in the field.
92768,A man sitting on a bench holding a wooden guitar.
527887,A woman with a coffee cup talking on the phone.
72852,A dilapidated bicycle frame underneath a Pedestrian Zone Sign.
186413,A cow laying on a green field next to it's baby.
307423,Cat laying on top of a dog on a leash.
525619,A kite is flying in the air at a park.
170072,There's a crossing sign that shows you can't make left turns
388157,A tree with a bunch of unripe bananas hanging from it.
394322,A crowd of young children sitting next to each other.
295055,A sidewalk next to a brown brick building.
273698,A stack of pan cakes sitting on top of a plate.
104150,"A cat is curled up, asleep, on a chair. "
497106,A young girl in a fairy dress under an umbrella
121611,"A living area with table, chairs and a sofa."
351057,A glass dish filled with a banana split.
154804,A big white plate filled with some sort of food item.
574297,A man in a helmet is riding a horse across a dirt road
376233,A girl eating a sandwich in a public place.
571596,"The view through the door of a small, tiled bathroom."
512206,A bunch of butterfly's sitting on a basket.
90040,some boats are in the water buildings and a person
27871,Four people compete on horseback playing playing polo.
57107,some giraffes rocks plants trees and a building
296657,A group of men enthusiastically caught in mid air at the same time.
181383,"Several people stand on a narrow, long pier on the water."
359066,a woman in an equestrian outfit riding a white horse 
147375,A young boy using a computer on a kitchen table.
378538,People that are walking with skateboards in hand. 
447927,A picture of an elephant standing on top of a boat.
419560,Two giraffes near a tree in the wild.
196009,"A spoon, a large carrot, a medium carrot and a small carrot, on blue-green speckled surface"
470513,A man is walking along the beach holding a surfboard and a fishing pole.
388422,a close up of a person kneeling holding a rugby ball
210098,A sky view looking at a large parachute in the sky.
316503,A man using a pair of scissors to cut a pizza
528956,A bedroom with a lamp and television on
350023,A city street show cars going up and down the hill.
57904,A couple of slices of a cinnamon roll on a white plate.
33683,Two people flying a kite in a green grass covered field.
73326,An open refrigerator including bottles of various food.
179094,Many umbrellas waiting for any downpour from the next storm.
383289,A security officer using a segway as a footrest
15850,"A wooden counter with broccoli, onions and chicken on it"
502327,The man holding a backpack is next to a man wearing a business suit. 
298726,A group of men play a game of tennis together on a grass tennis court. 
283186,A helmeted and goggled skier leans to get around an obstacle.
334642,A lane closed traffic sign sitting next to a no right turn sign.
541158,a cat that is sitting under a umbrella
449950,A basket of flowers on the counter of a bathroom.
395752,The trolley is picking up passengers along the road.
199995,"A skier on a downhill slope, with a ski resort in the distance."
245013,A large white teddy bear sitting on top of an SUV.
267861,A red motorcycle with a back seat parked on the side of a road.
199940,A black cat rubbing up against a bottle of wine.
18148,A herd of sheep standing on a grass covered hillside.
429580,People playing Frisbee with a drown and white dog.
487583,A white toilet and cup in a room.
534271,Several different pots place on a stone floor.
425227,There is no image to describe for this question.
89930,A Wii remote is in s hand with a thumb on a button
267351,A large clock tower is yellow and white.
475995,A man sitting next to two large dogs wearing bandannas.
131335,historical buildings and people walking in the streets
249952,A small cat standing underneath an umbrella on a table.
78200,"A mini-fridge stands open, with bottles visible inside."
534565,A very big group of skiers on a big snowy hill.
100203,a child cutting a soccer themed cake on a table 
89271,A cat wearing a hat while resting it's paws on top of a chair.
464831,People are in a circle at a table on laptops.
247714,a man standint by a little fence for a bus stop
489873,"Breakfast for four with omelets, fried eggs, bacon, ham, french toast and pancakes."
316015,A cat is sitting on a desk next to a computer.
209773,A man with sunglasses under a blue striped umbrella.
135748,A tiny dog in a doggy bed covered with a blanket.
258472,A group of people walking across a bridge over a river.
48791,A giraffe leans over a fence to eat from a happy woman's hand.
148730,a boat is sitting next to a dock
229020,a computer is on a desk next to a lamp
131800,A man taking a large bite from a sausage sandwich.
228604,A young girl washing her hands at a sink while someone watches.
460682,a horse that is laying down in a field
227985,Two sandwiches cut in half sitting on top of a white plate.
500784,A large fire place sitting next to a doorway.
573223,A little girl in a public bathroom for kids.
503311,The kite surfer is walking on the beach holding the kite.
446917,A person riding a racing bicycle with a banana and sunscreen in their back pocket.
380459,A person standing in front of a plate of food.
127596,Person looking at video on cell phone in crowded area.
13127,An locomotive blowing out a cloud of steam.
138995,A boy is dressed up in a tie and is holding a stick.
339823,A young woman in an orange dress holds a black umbrella
520108,A big screen TV in a fancy looking Hotel room
402971,A pitcher in the middle of delivering a pitch.
482172,A man in a wetsuit on a surfboard in the ocean.
290875,A group of men on a field playing baseball.
526827,a couple of scissors resting next to each other on a mouse pad
491872,A person pouring water into a drain from a bowl.
315986,Man brushing his teeth and woman curling her hair
253835,A woman and a small child watch a train as it passes.
105482,this is an image of a man playing tennis.
107596,A group of friends sitting around a table eating pizza.
107226,Two men being drug on buggies by dogs.
38828,A woman riding a horse while it eats grass
436551,two black birds are swimming  in some water
27569,Three people standing next to each other holding ski equipment.
87718,A dog's head pokes over the foot board of a bed.
144878,People around a purple truck loaded with a vehicle.
467386,You will not get anywhere if you open these doors and try to pass through.
92658,A couple of soldiers standing on top of a boat.
297933,a man standing on a skate board on the top of a ramp
263014,Two zebra walking down a small rural road.
460294,A group of women walking across a parking lot with umbrellas.
127873,A group of children standing around a table together.
321107,A woman rides a bicycle on a road next to the median.
315824,A bear is sitting in the grass with a cub.
541909,A man leaning on his hands on a tennis court.
425462,A baseball player captured while throwing a ball.
310121,"A baby, an old lady, a woman, and a man prepare for turkey"
496571,"A person is eating at a table with plates, a fork, knife, spoon, cup, and cell phone on it."
390954,A piece of chocolate cake with three different colored icing drops on it.
347163,Traffic stop sign with dilapidated building behind it.
163575,A man and two dogs laying on top of a bed.
547798,A batter standing in the batter's box waiting to hit the baseball.
256941,a bicycle with a basket and a blue and pink umbrella 
310597,A man is in position to play on a tennis court.
474437,A tennis player wears a headset while taking a break.
415536,A bus is driving on a wet road with many green trees on the roadside.
334118,"A wooden table topped with bowls, baskets and dishes filled with food."
252008,A zebra standing on top of a lush green field.
174989,A man sitting next to a woman while they both talk on cell phones.
63922,The little boy on the skateboard is wearing a helmet. 
154358,A person setting in a chair in a living room with a fireplace and windows.
146504,A person holding a computer mouse next to a keyboard.
203639,A girl in a dress and shirt standing in a field.
155317,A cake sitting on top of a white plate.
560266,Two brown bears swimming together in the water.
448599,"Three zebras stand side-by-side, drinking water from a river"
331875,A group of school children pose for a class picture.
436636,A group of surfers in the water trying to catch a wave
337275,A man laying on a chair feeding a cat.
458221,The electronic light has many tiny green dots.
217846,a taillight is in a rear view mirror and some cars
335532,A little girl eating food while sitting down.
131557,A pizza sitting on top of a plate on a table.
509116,A herd of sheep walking across a snow covered field.
494144,This kite is flying in the air while three people are watching.
379869,a couple of cats that are sitting on a fence
259336,ON THE DESK THERE IS A DESK TOP COMPUTER WITH A MOUSE
89032,A man with an umbrella is standing in front of a shop.
368220,A man swinging a tennis racquet towards a tennis ball.
557059,"Cauliflower, carrots, and broccoli are arranged in a vegetable bowl."
446461,A man playing drums while making a creepy face.
56713,Lone zebra as seen through narrow opening in enclosed area.
385042,A black and white fire hydrant stands on a brick sidewalk.
130599,A man punching an innocent giraffe in the side of it's head.
189248,The young children are on the water learning to surf. 
486576,A man who is playing a video game.
383594,A white plate with a fried chicken sandwich.
11374,A branch stretches in the air while an airplane flies in the distance.
292206,A group of spectators watching a woman drag her luggage.
213547,A woman holding a small cake with lit candles.
75786,A brown bear cub walking in a forest area next to a rock.
177953,A man and woman are singing and playing music.
141518,Two insects on a tree that look similar to peeled bananas.
278509,a motorcycle sitting on the sidewalk in the shade
203635,A brown bear licking the ear of another brown bear.
319350,A woman with glasses drinking a glass of wine.
108130,The young man is catching a Frisbee over his back.
561853,A truck parked in a forest surrounded by trees.
494427,A laptop computer sitting on top of a wooden table.
32708,The man is sitting down on the floor playing a video game. 
271402,two little girls in tennis uniforms standing next to a scooter
572861,A brown horse pulling a carriage down a street.
374352,A luggage cart stacked with a very tall pile of luggage.
282591,A cat wears a green tie and stares straight ahead.
284535,A bird with a fish in its hand on a beach.
227952,An empty modern kitchen is lit at night
203732,A white toilet seat in some lavatory somewhere.
117223,A baby sitting on a bed between two laptop computers.
212927,A Woman sitting on top of a bed while using a laptop computer.
63394,A man riding a surfboard while flying a kite.
173832,a cat laying down while playing with a computer mouse
404517,A woman is playing a frisbee with a dog.
413822,Man in period costume rides vintage motorcycle with German flag on back
63715,Comical picture messages are on the restroom wall.
309935,A vase sitting on top of a table filled with flowers.
324308,A small cluster of bananas growing near a fence
496800,Two trains pass each other near some buildings.
409119,A large plane with people alighting at the airport
374576,A room with a bed and some windows in it
576483,A bouquet of flowers in a clear glass.
5477,large mustard yellow commercial airplane parked in the airport
470364,A woman sitting at a table with a cup of coffee and two donuts.
518324,A two color cat laying on a desk near a laptop.
567535,Several calves graze and wander around a snowy field.
245764,A cat sits on the edge of a toilet.
361472,Small children with protective gear playing in a park. 
483667,a man wearing a top hat and a red tie 
322567,A wooden bench surrounded by weeds has a dedication plaque
358296,Snowboard rack at bottom of ski hill near building.
226408,Child laying down with arms extended in the air.
112698,A male professional tennis player engaged in a match.
473323,A man holding a baseball bat on a baseball field.
159981,A sandwich on a napkin next to a drink
83097,A microwave oven sitting on top of a blue table.
569960,This pizza is square and has pepperoni and mushrooms.
451087,the batter is ready to hit the ball
122969,two zebras are standing together in the woods
92749,A scene from the zoo with giraffes in an enclosure
451151,Two giraffe are standing close to many trees and shrubs.
352748,A train with brown cars on train tracks.
538319,a man on skis holds onto the hands of a small girl on skis
438907,A man is doing a trick on a skateboard.
84158,A bear standing at the border between the shade and the sunshine.
427111,A boat pulling two water skiers in a body of water.
315018,A woman takes a selfie picture with a giraffe in the background.
280865,"an open sandwich with meat, onion and egg slices "
146509,The front of a business that sells teddy bears.
175244,A white trunk parked next to a stop sign.
507318,"Grapes, banana, and kiwi are displayed on a plate."
236010,A red bus parked in front of a building on the side of a street.
402077,Two young boys sitting and eating very large carrots.
21470,A baseball player is waiting his turn to catch the ball.
344816,The train engine is followed by a line of open cars.
315384,A skateboarder turning around on a half pipe.
33243,A bathroom with a white bath tub and two sinks.
530162,Several people standing on a sidewalk under an umbrella.
347265,A person skiing through a snowy forest with tall trees.
30213,A kitchen filled with a stove top oven and a refrigerator.
92478,people standing on a beach with a kite flying in the air
452767,Six women pose together with a couple of tennis rackets.
384952,a kitchen with a table a stove and a sink
365305,Two small pepperoni pizzas served on a white plate
268717,a red and blue fire hydrant and people walking in the rain
544519,An Asian child brushes their teeth with a blue toothbrush.
335374,A poster of a professional baseball player with another person's head superimposed on top.
403065,A beach patrol vehicle thats performing his duties on the beach.
193717,a fire hyrdant sitting on the sidewalk next to the road 
162643,A bathroom stall that has very dirty walls.
149375,A young person riding a skateboard at a skate park.
5037,A passenger bus pulling up to the side of a street.
447569,Passengers prepare to get on the city bus
306914,people in a field lfying many kites flying in the sky
187585,a young man is on his skateboard doing a trick 
356490,A person is paddling on the surfboard on the beach. 
139785,A pie is sitting on the ground outdoors.
79878,The interior of a bathroom with crumpled and torn toilet paper on the floor along with a toilet roll that has been pulled.
258209,there is a man wearing a suit sitting on a street bench
142698,"A man with earrings, a nose ring, a beard and a grey tank top with a bunch of bananas in his hand."
62251,Firefighters are riding in the back of a fire truck.
65357,a black red and green train engine on a track
508541,A motorcycle parked in front of building next to a umbrella covered table.
